product_id,months_included,n_rows,actual_total,pred_total,mae,rmse,smape,wape,bias_ratio
LC405,6,6,1635.0,1186.3669857465559,123.477219458805,139.677570234733,0.5107446559743075,0.45312741085799996,-0.27439328088895665
LC209,6,6,1135.0,902.807313923342,144.74097568211025,158.67627433276186,1.0316711688993436,0.7651505322402303,-0.20457505381203342
LC205,6,6,1129.0,735.7368120878907,82.16630334307241,92.4507005274129,0.5067076660729699,0.4366676882714211,-0.34832877583003485
LC983,6,6,1118.0,886.694278778454,98.58375221979635,122.87286821709095,0.7220226384795474,0.529072015490857,-0.2068924161194509
LC207,6,6,1072.0,776.9995262878391,100.8499628643786,120.45346772778274,0.7090380808810052,0.5644587473752534,-0.2751870090598516
LC555,6,6,1017.0,1112.6920147458181,53.904377271160314,68.3928680454113,0.35502738626528263,0.31801992490360065,0.09409244321122742
LC240,6,6,997.0,488.29704622243395,91.83886759936689,116.86199340162769,0.6704640988248204,0.5526912794345049,-0.5102336547417914
LC301,6,6,952.0,790.9186604932054,59.9000678745738,68.25443759635743,0.4800492750452885,0.37752143618428863,-0.16920308771722117
LC107,6,6,948.0,819.6934141998596,42.099006764288674,45.90534906106557,0.3305542918341226,0.2664494099005612,-0.1353444997891778
LC219,6,6,922.0,761.7505823597171,79.30713209573783,94.27287075353176,0.7074322750614267,0.5160984735080553,-0.17380630980507894
LC125,6,6,888.0,812.5141923759193,55.45959969840046,69.88985845090296,0.40687292805667746,0.3747270249891923,-0.08500654011720797
LC324,6,6,813.0,758.3926670181229,70.598792383926,74.50535785408692,0.6438232800523113,0.5210242980363542,-0.06716769124462127
LC302,6,6,809.0,630.1484524500722,29.808591258321304,40.118039904547274,0.2644584906820138,0.221077314647624,-0.221077314647624
LC821,6,6,777.0,720.6555965385237,63.0783272760469,82.48084872968009,0.5888637712354977,0.48709133031696444,-0.0725153197702397
LC944,6,6,771.0,871.8494520555322,63.85320491597889,82.41478895417517,0.5129886722944095,0.4969121005134544,0.13080343976074227
LC505,6,6,770.0,495.2646265269845,62.77888507790922,89.41016415429436,0.7501018361489796,0.48918611749020174,-0.35679918632859153
LC127,6,6,768.0,947.6803690339972,45.67939695600205,60.70731245782372,0.33918771087573757,0.356870288718766,0.23395881384635042
LC420,6,6,767.0,681.3283956563721,36.68185057284109,42.64324609547733,0.39045309334619666,0.28695059118259003,-0.11169700696692027
LC235,6,6,760.0,663.7626422108344,33.854102136246645,42.8374028071435,0.36301952387505154,0.26726922739142084,-0.1266281023541651
LC213,6,6,755.0,749.0591421644797,69.17385283467794,90.68351304204735,0.7826290485902808,0.5497259827921426,-0.007868685874861312
LC954,6,6,744.0,863.3524907808177,29.261458616160027,36.14009213687022,0.2586148509963086,0.23597950496903247,0.16042001449034649
LC234,6,6,740.0,564.5585372557791,50.68639655651517,71.53483538886145,0.45562186156354434,0.4109707828906635,-0.23708305776246053
LC552,6,6,738.0,909.9799779179679,74.98706489388378,83.60336514412911,0.624534208488399,0.6096509340966161,0.2330352004308509
LC311,6,6,735.0,516.0249419081313,46.294274130600336,53.426750844467236,0.4572467759953078,0.3779124418824517,-0.2979252491045834
LC224,6,6,733.0,704.0998528310743,44.66667884033665,46.553334954641436,0.4710471544800696,0.3656208363465483,-0.03942721305446907
LC214,6,6,733.0,858.6283545733417,63.006856536182134,85.99932659420035,0.6122595230503182,0.5157450739660202,0.17138929682584136
LC895,6,6,723.0,656.7619414612708,60.75953256886661,63.97592730997513,0.5463026648388171,0.5042284860486855,-0.09161557197611239
LC206,6,6,718.0,729.620880621156,47.580925640145836,50.200751959747535,0.4464531680483214,0.39761219197893455,0.016185070503002514
LC409,6,6,693.0,886.7107781099694,41.40758632178737,53.323102439860065,0.46395949267835057,0.35850724088127595,0.27952493233761816
LC939,6,6,689.0,664.2804569052797,30.7562918580373,35.593660634633764,0.2865798273390663,0.26783418163748013,-0.03587742103732976
LC201,6,6,680.0,573.0767186696598,29.277154847889054,38.76799829571433,0.30621623307747153,0.2583278368931387,-0.15724011960344134
LC571,6,6,674.0,835.2581422218934,61.43568679233487,72.00862549395409,0.6099406204709759,0.5469052236706368,0.23925540389004962
LC522,6,6,659.0,712.8469645026556,51.95424217944486,59.518045880955306,0.47196683102410714,0.4730280016337924,0.08171011305410554
LC212,6,6,652.0,585.4036553423383,47.26022700983131,54.11544931816985,0.6074823706669187,0.43491006450765013,-0.10214163291052397
LC529,6,6,651.0,400.46362861853873,72.63071866410412,86.72712098211811,0.7923855696150796,0.6694075452912822,-0.38484849674571625
LC326,6,6,634.0,335.6916182368821,61.42178021403766,80.4930273982538,0.6642832468256047,0.5812786771044574,-0.47051795230775695
LC223,6,6,628.0,536.0954100136164,77.95733109891738,90.84192203511829,0.8744203674062553,0.7448152652762806,-0.14634488851334973
LC901,6,6,619.0,473.11409723817223,36.17339790468233,44.89698019264734,0.42135088725444864,0.3506306743587948,-0.23567997215157968
LC1027,6,6,600.0,16.921357487772276,102.73181774232681,244.87792415181283,1.9997054351913885,1.027318177423268,-0.9717977375203795
LC572,6,6,595.0,400.131743818803,63.422736436916466,84.0938336944211,0.8217416566858285,0.6395570060865526,-0.32750967425411265
LC148,6,6,579.0,372.5149231218515,57.257111163192974,72.98891442595426,0.6754386497561115,0.5933379395149531,-0.3566236215512064
LC894,6,6,570.0,608.2788757012446,32.90147681048202,34.166915453733885,0.36532977594774657,0.3463313348471792,0.06715592228288524
LC988,6,6,566.0,530.0930173193232,79.43914549916605,98.51068955362628,0.8500144349418349,0.8421110830300288,-0.06343989872911102
LC153,6,6,558.0,609.330780920385,27.51947695065475,35.23084344601041,0.4138376745704108,0.2959083543081156,0.09199064681072579
LC966,6,6,553.0,689.5388483904466,32.51771885781299,43.341477439871,0.36595271009604513,0.35281430948802517,0.24690569329194662
LC558,6,6,551.0,636.9670961239023,27.92668346901637,33.225904037701696,0.28380422672505157,0.30410181635952493,0.15602013815590238
LC215,6,6,551.0,446.2918283113614,30.72674957472371,46.63384722673016,0.344057547053692,0.33459255435270824,-0.1900329794712134
LC330,6,6,532.0,596.5417002013197,35.99479180846167,39.205536415632174,0.3932986315615259,0.405956298591673,0.12131898534082663
LC122,6,6,528.0,799.5419691309819,51.79076498902486,61.167719070400075,0.9038631795327067,0.5885314203298279,0.5142840324450416
LC239,6,6,518.0,405.37702594054963,56.561602114039054,71.31333181722052,0.7845116870876002,0.6551536924406067,-0.2174188688406377
LC713,6,6,513.0,186.01537103242467,68.63247361559567,86.6240992612019,1.0893941581338622,0.8027189896560897,-0.6373969375586265
LC245,6,6,507.0,338.817555474668,44.07955883045878,72.60611558299108,0.5595857728716903,0.5216515837924116,-0.3317207978803392
LC501,6,6,503.0,584.8557297596772,29.99757405469859,35.824357704633655,0.38433955972106615,0.3578239449864643,0.1627350492240102
LC242,6,6,503.0,205.8003037131429,65.2582724744923,90.11506589465516,0.9726038138989112,0.7784286975088546,-0.5908542669718828
LC410,6,6,500.0,466.76035830252476,50.23053538390863,69.6003383854747,0.5967474404740146,0.6027664246069036,-0.06647928339495038
LC319,6,6,499.0,583.2361312432724,51.135622655505095,52.28468691796074,0.6530048141834411,0.6148571862385382,0.16880988225104704
LC109,6,6,497.0,469.35853929692945,32.93975802465277,37.0427607871431,0.4347874082384546,0.397663074744299,-0.05561662113293867
LC801,6,6,495.0,602.7600053883765,34.896418857104635,38.02310204259177,0.5238964252723907,0.42298689523763194,0.21769698058257866
LC624,6,6,495.0,567.4634555135384,43.31079113326652,55.0773922751599,0.47280563083268534,0.5249792864638366,0.14639081921926972
LC307,6,6,491.0,386.2790442659,29.38105919556531,44.45556749188386,0.42637850125446475,0.35903534658531944,-0.21328096890855394
LC926,6,6,491.0,571.0774987397368,50.33239078529913,64.25537030677172,0.536550364058034,0.615059765197138,0.16309062879783473
LC876,6,6,490.0,539.0713275054849,22.39333268702688,28.79938562265465,0.2519152323201065,0.2742040737186965,0.10014556633772427
LC145,6,6,481.0,431.0496115712787,47.40308497375181,55.39165898924402,0.6185457249955857,0.5913066732692533,-0.10384696139027293
LC852,6,6,480.0,443.7984919302183,49.64365514802284,69.56559895041865,0.7021262224244841,0.6205456893502854,-0.07541980847871194
LC997,6,6,476.0,385.1042212473332,55.41517378750546,70.36951652754128,0.7211602249411313,0.6985105939601528,-0.19095751838795538
LC856,6,6,474.0,315.62636127059375,48.69185446497497,72.93654930760378,0.5898889830763725,0.6163525881642402,-0.3341216006949499
LC138,6,6,470.0,188.88438027246215,56.03660910098731,71.27865927795023,0.9455950333164926,0.7153609672466466,-0.5981183398458252
LC938,6,6,466.0,252.54507169890343,50.89946878856721,74.76842983644352,0.7381943700084227,0.6553579672347709,-0.45805778605385533
LC621,6,6,466.0,634.5192018820383,53.070576041625436,72.40352892652031,0.7009225184999264,0.6833121378750057,0.3616291885880647
LC924,6,6,462.0,468.04621124682103,37.812508609438005,41.27496679648369,0.9041513659581518,0.4910715403823117,0.013087037330781436
LC616,6,6,459.0,445.7267794936644,31.271397333036465,34.20651672617034,0.43879655079621366,0.4087764357259669,-0.028917691734935882
LC429,6,6,455.0,499.2382960213553,26.986607727922927,32.47754553018003,0.42456686917387126,0.3558673546539287,0.09722702422275883
LC225,6,6,451.0,448.75795657546774,50.19994202677168,56.05262069460868,0.7185179420803179,0.6678484526843239,-0.004971271451290969
LC802,6,6,450.0,513.5862963626125,24.93816447752641,27.64458938995687,0.5229331432611696,0.3325088597003521,0.14130288080580555
LC106,6,6,450.0,582.5045747793542,26.872121136801095,41.15750414225616,0.27194305070817787,0.3582949484906813,0.29445461062078715
LC427,6,6,446.0,538.879989308692,44.58050761182918,49.57007192476619,0.7191509460370143,0.5997377705627244,0.2082510971046907
LC336,6,6,444.0,369.48453076351234,57.003827233951974,67.5846917641959,0.875610992529065,0.7703219896479997,-0.16782763341551288
LC108,6,6,437.0,512.6151071008592,30.288540734924158,40.38993866060225,0.5239978534378644,0.41586097118889004,0.1730322816953299
LC908,6,6,435.0,568.0332087658437,44.28590948359576,58.02318715013031,0.5278255265265763,0.6108401308082174,0.3058234684272271
LC968,6,6,434.0,594.6226980735264,26.77044967892105,36.456563262299774,0.4531318137574713,0.3700983826578947,0.3700983826578947
LC815,6,6,433.0,508.4238106574863,48.172626689363334,50.674484843402404,0.7669498004339518,0.6675190765269746,0.1741889391627858
LC306,6,6,431.0,396.26278337251796,63.41105206883645,78.11027419909834,0.9595478401417413,0.8827524649954029,-0.08059679031898391
LC444,6,6,430.0,430.0597559582105,25.022779804947223,27.09249003747835,0.33980029790218064,0.3491550670457752,0.00013896734467556965
LC110,6,6,426.0,564.9916571995797,47.57527226513293,67.78247162744569,0.6401672373613874,0.6700742572553934,0.326271495773661
LC101,6,6,420.0,450.56048166132507,29.579256659868832,34.60744347566494,0.4120239590798129,0.4225608094266976,0.0727630515745835
LC891,6,6,420.0,128.2444895820223,53.84421768329062,78.75661378161716,1.1262211683793948,0.7692031097612946,-0.6946559771856613
LC309,6,6,406.0,314.51629826029136,21.631238881620103,28.02973528869929,0.3272689351793555,0.31967348100916404,-0.22532931462982422
LC119,6,6,405.0,408.19108334409157,26.195153924791246,30.49956046516669,0.45319210912588953,0.3880763544413518,0.007879218133559442
LC936,6,6,395.0,470.2220974373277,48.497109544313695,59.936562576258495,0.714149587825128,0.7366649551034992,0.1904356897147539
LC814,6,6,393.0,471.02558327974594,16.704293065053033,20.70167707342584,0.24863768842837705,0.2550273750389776,0.19853837984668188
LC504,6,6,387.0,183.6044088146255,51.808057183059816,77.22679045239062,1.0116892580802956,0.8032256927606173,-0.5255700030629833
LC562,6,6,385.0,443.1906759661937,22.86883835577352,35.58200477032084,0.3680493259099149,0.3563974808691977,0.1511446128992042
LC828,6,6,384.0,144.75439540841353,47.39230822388249,71.52194620838418,0.8206102776557236,0.7405048159981639,-0.6230354286239232
LC989,6,6,378.0,304.4691987768522,48.038585331986695,57.842829387872506,0.8515162553132081,0.7625172274918524,-0.19452592916176686
LC804,6,6,376.0,396.3348915586748,29.479932123742344,38.12479471774079,0.4656385730302845,0.4704244487831225,0.05408215840073105
LC520,6,6,374.0,496.08767317049853,45.16452188957776,66.88265919587411,0.6513361105233942,0.7245645222926913,0.3264376287981244
LC970,6,6,373.0,532.6539300965359,28.968306829464428,34.12243047064743,0.3888002017700154,0.46597812594312754,0.4280266222427238
LC840,6,6,372.0,389.88380964029204,21.67596297639985,26.533398437459734,0.35947095732335027,0.34961230607096533,0.0480747570975591
LC202,6,6,365.0,332.3885338685561,47.692977655509004,54.264323532516286,0.9166356617779233,0.783994153241244,-0.08934648255190118
LC803,6,6,363.0,381.2098755360549,49.22322814554073,65.40536021716812,0.9013195797777437,0.8136070767857972,0.0501649463803164
LC316,6,6,361.0,397.7758086773734,38.67657892635515,46.26736546761431,0.7387829627662411,0.6428240264768169,0.10187204619771019
LC972,6,6,361.0,316.0078479689175,42.93958064797962,47.89131802459793,0.8794796519162178,0.7136772406866418,-0.12463200008610112
LC902,6,6,359.0,433.98039419678366,50.21272334977075,59.42303646923753,0.7852289896062062,0.839209860998954,0.2088590367598432
LC154,6,6,358.0,420.9334191054531,35.3875788697295,41.68974669621214,0.7384082024207101,0.5930879140178128,0.17579167347891936
LC887,6,6,358.0,232.1748864074736,38.54715287235763,54.13669339005853,0.7488332083690524,0.6460416682518039,-0.3514667977444872
LC706,6,6,358.0,414.5488470703183,50.30641325067984,57.523508392761215,0.7740974337145868,0.8431242444248017,0.15795767338077715
LC907,6,6,353.0,424.45623374928607,42.42319485996422,55.05724882474165,0.6266827046592646,0.7210741335971255,0.20242559135775098
LC203,6,6,352.0,390.7923653029444,19.721587651313968,23.049516992576795,0.42876878928252554,0.3361634258746699,0.11020558324700101
LC414,6,6,351.0,445.38229694710196,27.69757674547726,30.164330713038375,0.5197134085854744,0.4734628503500386,0.2688954328977265
LC133,6,6,351.0,437.1508267827245,31.16855115617255,34.62915416394068,0.47651174415556047,0.5327957462593599,0.24544395094793295
LC443,6,6,350.0,267.8797338077115,34.799784380436535,42.81258491829242,0.6221307100201195,0.5965677322360549,-0.2346293319779672
LC308,6,6,348.0,448.75710039684583,52.95244105499637,64.9113016197474,0.7974018860867321,0.9129731216378685,0.2895318976920857
LC428,6,6,342.0,441.33590916043585,35.1007196906769,39.375468740773385,0.8806622034249264,0.6158020998364367,0.29045587473811657
LC932,6,6,340.0,503.2951191308917,41.965714905724475,50.29294266315394,0.7033780407695115,0.7405714395127849,0.48027976214968143
LC141,6,6,334.0,434.71599681677895,28.246960348588583,38.790872616770606,0.517017702392756,0.507430425423747,0.30154490064903894
LC111,6,6,326.0,444.09636501665193,29.092897955246084,37.85704123149138,0.47503417927672126,0.5354521096057562,0.3622587883946377
LC999,6,6,326.0,211.3709100015937,56.27078918003054,95.11587212012057,1.2008739525992835,1.0356586965649792,-0.3516229754552341
LC857,6,6,325.0,317.5177734134223,11.756773738439946,13.843068353304929,0.24813937511847461,0.2170481305558144,-0.023022235651008447
LC955,6,6,324.0,430.71146837954615,31.42348893195796,33.12639362247302,0.7000027617415955,0.5819164617029251,0.3293563838874882
LC506,6,6,320.0,385.8272411291938,24.87093310139865,32.86213979506061,0.5207535334061477,0.4663299956512247,0.2057101285287306
LC143,6,6,320.0,400.35073923773706,25.615284859670822,30.029160970385554,0.4124633008601661,0.48028659111882793,0.25109606011792845
LC102,6,6,318.0,435.8991350335169,27.150846769569856,34.17777162483154,0.39571498266260624,0.5122801277277331,0.3707519969607451
LC323,6,6,318.0,291.15555432634574,56.34730631347775,72.80718574540998,1.123310695263024,1.0631567228958065,-0.08441649582910143
LC433,6,6,317.0,367.05765685923996,20.8256998421571,24.413117192621005,0.491580140058583,0.3941772840786833,0.15791058946132497
LC841,6,6,316.0,258.0305967661451,38.844981060769705,50.94833862840927,0.7596208648099957,0.7375629315336021,-0.18344747858814844
LC132,6,6,312.0,365.8045205677389,20.026605792096085,27.882594985204552,0.3698103006422582,0.38512703446338625,0.17245038643506058
LC949,6,6,310.0,318.69193661850926,14.914172474449984,16.668626318236367,0.3627091122560864,0.28866140273129,0.028038505220997715
LC507,6,6,310.0,322.0061682865796,21.786238257688733,23.164561185865868,0.5598043012765795,0.421669127568169,0.03872957511799876
LC568,6,6,310.0,141.44861701598637,46.93231866632209,76.90893751324228,1.1196962744068455,0.9083674580578469,-0.5437141386581084
LC328,6,6,309.0,401.33388906725605,58.850591907834776,68.59323894159799,1.0573225987639214,1.142729939957957,0.2988151749749388
LC401,6,6,307.0,429.2130206953929,35.456455500990856,42.1234109293089,0.597844802950363,0.6929600423646421,0.3980880152944394
LC967,6,6,303.0,446.9948840078248,36.97407531179457,50.1872080647957,0.8418019501138443,0.732159907164249,0.4752306402898508
LC210,6,6,302.0,333.69650141810723,38.348360046814996,44.12981328087336,0.8294223562198529,0.7618879479499668,0.10495530270896429
LC951,6,6,300.0,132.3785367212031,36.45024062016287,56.263759798981546,0.8381671037372596,0.7290048124032574,-0.5587382109293231
LC407,6,6,300.0,604.0834743132501,50.680579052208365,58.74973987737771,0.9983842514848198,1.0136115810441673,1.0136115810441673
LC418,6,6,299.0,415.8852506928006,30.638444385056914,35.23625882728938,0.6454546145139317,0.6148182819743863,0.3909205708789318
LC831,6,6,295.0,163.05578362884532,43.02901831350594,61.916564614186626,1.1213826904324817,0.8751664741730022,-0.4472685300717107
LC567,6,6,294.0,533.647618519644,53.05424345802609,76.00344027666466,0.9996725950115036,1.0827396624086958,0.8151279541484489
LC807,6,6,291.0,377.12472729260463,43.601703705986125,51.36711590992318,0.8466061316725136,0.8990042001234253,0.295961262173899
LC885,6,6,291.0,112.21949809256984,48.61503453962619,96.69380329090308,1.2433104941803952,1.0023718461778597,-0.6143659859361861
LC120,6,6,289.0,427.8456159378739,25.558115248044057,46.3652968794742,0.5100285707028435,0.5306183096479735,0.480434657224477
LC415,6,6,287.0,174.0135705933682,37.89006498336431,55.58105677817456,0.8957545193251035,0.7921267940773027,-0.39368093869906556
LC703,6,6,277.0,432.81738187669185,33.30637189332422,48.36086802343747,0.5210748686479414,0.7214376583391527,0.5625176241035807
LC941,6,6,275.0,122.01100249823425,31.747046636154096,56.00490272987621,0.7293903999906086,0.6926628356979075,-0.5563236272791482
LC810,6,6,268.0,303.6869625003909,14.729730355080292,19.601626787871197,0.3247494171554505,0.32977008257642443,0.1331603078372797
LC830,6,6,268.0,120.84801525654964,34.04863388578863,62.832947914508985,0.9230194861419277,0.7622828481892977,-0.5490745699382477
LC911,6,6,267.0,384.7918329633793,25.72208194866252,28.796688808040702,0.8295046093094748,0.5780243134530904,0.44116791372052194
LC845,6,6,263.0,121.7235452925648,32.9434348901918,60.008330374913804,0.9012984065360564,0.7515612522477217,-0.5371728315872061
LC855,6,6,262.0,191.4431043718179,39.07849428347256,48.335904918510906,1.0317536270105803,0.8949273500031883,-0.2693011283518401
LC717,6,6,260.0,183.75642506530602,35.56389816222564,43.72341487099377,0.9539946720097516,0.8207053422052071,-0.2932445189795924
LC582,6,6,260.0,236.70531226031477,36.45816523179382,39.624588431999726,0.9356849290497942,0.8413422745798573,-0.08959495284494325
LC928,6,6,259.0,309.93431239543656,21.75090230377572,22.463165326755696,0.9198030182949607,0.503881906651175,0.1966575768163575
LC899,6,6,259.0,311.5153733486067,29.83307768530929,35.88244761839288,0.7405528218284015,0.6911137687716438,0.2027620592610298
LC221,6,6,255.0,276.4832027742468,16.471298746892085,18.432463208951287,0.6072890430731824,0.3875599705151079,0.08424785401665426
LC942,6,6,255.0,101.82778986737388,37.824891928861454,70.91270255245321,1.1152914081998553,0.8899974571496814,-0.6006753338534359
LC134,6,6,253.0,368.56940976980565,39.76427637805452,46.77225546875948,1.2503139937607235,0.9430263172661151,0.45679608604666266
LC888,6,6,251.0,185.6503064653564,31.157681203639502,49.23164972125119,0.7399826749574978,0.7448051283738527,-0.26035734475953626
LC560,6,6,251.0,315.32489692754484,36.67377643696094,39.50071164538098,0.9536188195655235,0.8766639785727715,0.25627448975117467
LC553,6,6,249.0,284.9279632893364,14.869845323917664,16.45923923904551,0.37216574465479696,0.35830952587753406,0.14428900919412205
LC984,6,6,248.0,339.48185957832754,32.50595422670168,35.51369917611011,0.801422118384572,0.7864343764524601,0.36887846604164326
LC948,6,6,248.0,312.4063986779424,45.30997504758327,57.59058606095943,0.9784990528481282,1.0962090737318535,0.259703220475574
LC844,6,6,247.0,187.26121559137326,34.452491047012664,38.78121127110948,0.9972612681989438,0.8369026165266235,-0.24185742675557398
LC423,6,6,246.0,264.42499740880777,19.88278737930228,25.60399483507682,0.47928122659452277,0.484946033641519,0.07489836345043807
LC440,6,6,246.0,357.26722597998076,21.856684563690678,28.408912258214755,0.8026711681428119,0.5330898674070897,0.4523057966665884
LC126,6,6,246.0,319.07068083961786,29.794801183254176,39.39454223421928,0.6178960168496554,0.7267024678842482,0.29703528796592626
LC816,6,6,246.0,119.52575927899215,42.98833897390201,68.82707255958563,1.268479635517582,1.0484960725341954,-0.5141229297601944
LC981,6,6,245.0,125.99631876135025,35.749008456354716,47.95008578542813,1.213033250833185,0.8754859213801155,-0.48572931117816215
LC521,6,6,244.0,298.06545178583883,26.9513671891764,30.510380848424568,0.6380879950627746,0.6627385374387639,0.2215797204337659
LC905,6,6,241.0,160.02909641287187,26.872570744485348,42.69897443273515,1.0257311778242018,0.6690266575390543,-0.3359788530586231
LC327,6,6,241.0,243.71863327726703,41.43816791840461,48.19241727421003,1.243449832286785,1.0316556328233513,0.01128063600525739
LC208,6,6,241.0,207.96656995176903,42.65687480540932,56.420089549766615,1.127803215366067,1.0619968831222237,-0.13706817447398748
LC313,6,6,240.0,255.30514534378818,29.809020131183292,37.38920815992415,0.7400654751892932,0.7452255032795824,0.06377143893245078
LC925,6,6,238.0,257.82935784283876,39.491706187992015,46.10868398172022,1.3141535703938076,0.9955892316300508,0.08331662959175949
LC712,6,6,238.0,233.9277953202788,43.27707094788908,55.03025003015941,1.258972752221702,1.0910185953249347,-0.017110103696307517
LC992,6,6,237.0,238.2767358888536,32.65519464119039,38.28566452056205,0.9819694683430337,0.8267137883845669,0.005387071260985718
LC808,6,6,237.0,357.29351916542356,35.08454260099253,43.218836073963615,0.7816535856865497,0.8882162683795576,0.5075675914152891
LC136,6,6,231.0,323.2935961823051,15.70916894962597,18.18576104691053,0.6221898377732343,0.4080303623279473,0.39953937741257656
LC934,6,6,227.0,270.2765093401264,18.432421918280173,21.892225034071224,0.47261357631930273,0.487200579337802,0.1906454155952703
LC228,6,6,220.0,244.37642259796232,9.123303484707195,11.665052681342875,0.34488393841556086,0.2488173677647417,0.11080192089982872
LC103,6,6,218.0,290.58649074560515,18.883572715346393,27.555162324232892,0.4676093438181325,0.5197313591379741,0.3329655538789225
LC211,6,6,218.0,306.1242119291048,29.892724077978112,37.42623412570591,0.8222390971932466,0.8227355250819663,0.40423950426194866
LC850,6,6,216.0,104.22289376775754,21.615603099993038,33.54337221217629,0.8251077836396408,0.6004334194442511,-0.5174866029270484
LC853,6,6,216.0,114.03829165163773,41.632569636373056,67.07459065744783,1.3606858354128362,1.1564602676770293,-0.4720449460572327
LC881,6,6,214.0,111.12419906992602,20.703846736870677,30.623041863072647,0.7944561626751314,0.5804816842113274,-0.48072804172931766
LC557,6,6,214.0,419.2596343305754,39.19222161748974,57.25510376724349,0.6659791087557151,1.0988473350698058,0.9591571697690444
LC903,6,6,212.0,207.11256912330745,35.65638153728125,49.56594405950673,1.073059417689512,1.009142873696639,-0.023053919229681814
LC708,6,6,211.0,274.27092630964165,13.547428202802706,16.78487006565902,0.3541991419651707,0.3852349251981812,0.29986220999830154
LC142,6,6,211.0,187.65328874575437,19.547428205733418,21.4236654722097,0.6365377688441418,0.5558510390255949,-0.11064792063623509
LC569,6,6,210.0,198.0218966149567,20.482988122424647,29.415001703702522,0.8154749492420392,0.5852282320692755,-0.05703858754782534
LC806,6,6,210.0,244.9339407880263,23.542562256151744,29.475513876980614,0.7635929636009902,0.6726446358900499,0.16635209899060127
LC973,6,6,209.0,144.1476287276753,26.924806030318383,32.82669584482113,1.3419314530732562,0.7729609386694273,-0.3102984271403095
LC863,6,6,209.0,207.0441741365386,28.317161882266685,32.49918420500072,0.9008825044575269,0.8129328770028713,-0.00935801848546124
LC503,6,6,208.0,280.0933882011879,19.00059628229539,20.9964758118665,0.6631911785528207,0.5480941235277517,0.3466028278903265
LC530,6,6,207.0,279.5255054754627,23.97740884470881,31.333785862105408,0.5679817861366879,0.6949973578176466,0.3503647607510276
LC430,6,6,206.0,431.1904234418483,41.6169671124574,56.18763863876424,0.6829688710126812,1.212144673178371,1.0931573953487779
LC403,6,6,205.0,219.76098954973676,20.311197452405203,22.699750540705043,0.7521155048503577,0.5944740717777133,0.07200482707188674
LC883,6,6,204.0,268.7274446362295,22.957857967063536,30.874855523467584,0.5951984486589557,0.6752311166783393,0.3172913952756348
LC991,6,6,202.0,171.38725659381768,36.72737199012355,42.333080808758204,1.3560500343310944,1.0909120393106004,-0.15154823468407078
LC730,6,6,201.0,104.52046805286591,21.234330888920187,30.38789760495571,0.9646780701995761,0.6338606235498564,-0.47999767137877664
LC139,6,6,201.0,264.888111031115,29.669524362337782,34.6199271688813,1.2055227081644364,0.885657443651874,0.3178512986622636
LC231,6,6,200.0,257.261194381446,30.75198029854221,34.552217552432914,0.8777580203742406,0.9225594089562663,0.2863059719072298
LC113,6,6,198.0,254.56318378309152,22.46599604265452,27.148455193812524,1.2829308722761974,0.6807877588683188,0.2856726453691491
LC882,6,6,197.0,104.83363924749483,25.42261520607035,42.153703905011795,0.8458782141735782,0.7742928489158483,-0.4678495469670313
LC576,6,6,196.0,102.85100761078768,20.840901233535252,25.672939783614257,0.7604351735999731,0.6379867724551608,-0.4752499611694506
LC940,6,6,196.0,195.52270359595772,22.97345464324715,27.78971458512623,0.7887197341685209,0.7032690196912392,-0.0024351857349095263
LC406,6,6,195.0,94.64071147536222,20.02315098863953,38.33428260300986,0.5375500123976181,0.6160969534966009,-0.5146630180750655
LC584,6,6,195.0,248.2283626313298,22.540880897070263,31.368954288397312,0.6637000166986406,0.6935655660637003,0.27296596221194774
LC825,6,6,195.0,96.65371947714661,22.606187800836295,33.505795450505566,0.9283128951489926,0.6955750092565014,-0.5043399001171968
LC982,6,6,195.0,254.90936768802604,35.888881829479935,40.940593226692954,1.2992649104044476,1.104273287060921,0.30722752660526176
LC424,6,6,194.0,157.7371338702754,23.80503768780134,29.924154965147764,0.8173283010324645,0.7362382790041652,-0.18692199035940507
LC332,6,6,192.0,171.75946011867097,23.036164816233043,27.878323408743903,0.9122574075124291,0.7198801505072826,-0.10541947854858867
LC608,6,6,191.0,153.4176226394436,15.61249853231662,24.612412885574265,0.5907243929770757,0.4904449800727734,-0.19676637361547836
LC709,6,6,191.0,205.75692158873034,17.705746331504262,18.2616952748406,0.6432851468190582,0.5562014554399245,0.07726136957450454
LC314,6,6,190.0,235.2991172794994,22.04220613241303,27.767302238308723,0.7208483608755519,0.6960696673393588,0.2384164067342074
LC727,6,6,189.0,250.47537421920995,31.071410128084725,36.45378631590544,0.9428945253953135,0.98639397232015,0.3252665302603702
LC317,6,6,188.0,214.6499443910747,31.360867913864382,34.52906437860861,1.0899434933139438,1.0008787632084377,0.14175502335678034
LC432,6,6,187.0,267.04307219820964,18.930980131724336,22.04904278298801,0.4875032139619149,0.6074111272211017,0.4280378192417628
LC528,6,6,187.0,255.1447430477569,30.154768249090722,37.61994298807418,0.8983759414028412,0.9675326710938199,0.3644103906297161
LC958,6,6,185.0,221.62747079169245,29.430238128145177,36.649218076657746,0.9046997315535051,0.9544942095614652,0.19798632860374296
LC563,6,6,181.0,278.11378136175756,31.851374544718094,37.451636670096605,0.8938176601039288,1.055846669990655,0.5365402285179974
LC702,6,6,179.0,243.326586279792,19.391444874225478,22.39418251927616,0.6990825321853564,0.6499925656164964,0.35936640379772056
LC867,6,6,178.0,78.48762738255037,18.166019521478617,29.17439649593004,0.8732497371938798,0.6123377366790546,-0.5590582731317394
LC130,6,6,175.0,290.3567881142003,36.6556027163931,44.541902491038044,0.9665438541211316,1.256763521704906,0.6591816463668588
LC859,6,6,174.0,160.35225327114313,29.28308606647384,44.147832715645876,0.8306167436670467,1.0097615884990978,-0.07843532602791299
LC846,6,6,173.0,333.619037910306,26.769839651717685,30.117924555047455,0.8830946466604689,0.9284337451462781,0.9284337451462781
LC858,6,6,171.0,204.0880269247445,7.427141033224074,10.47195136054638,0.23551535817770033,0.2606014397622482,0.19349723347803807
LC733,6,6,169.0,95.28945813507563,18.92094727645669,31.426804795669046,0.8570505253527428,0.6717496074481665,-0.4361570524551738
LC879,6,6,166.0,175.34783921622832,8.52235914721666,11.548679765422253,0.30563911280935585,0.3080370776102407,0.056312284435110334
LC411,6,6,166.0,94.15130708261594,17.07772600895461,26.581861435620084,0.6996989348874997,0.6172672051429378,-0.43282345130954253
LC140,6,6,166.0,239.1302209500311,20.24268870340516,23.7868248032886,1.2881860517789752,0.7316634471110299,0.4405434996989824
LC419,6,6,165.0,160.29061774423232,9.372459393385283,11.074840441091832,0.5387454625864946,0.34081670521401025,-0.028541710641016255
LC868,6,6,163.0,218.4049188143656,12.092418641205589,18.59526164860394,0.3600311217846564,0.44511970458425476,0.339907477388746
LC402,6,6,163.0,277.17986312030195,19.029977186716994,22.568429302487758,0.505715104171763,0.7004899577932636,0.7004899577932636
LC331,6,6,163.0,203.46890899775525,24.295845163979905,27.130212735002836,0.9423807538167844,0.894325588858156,0.24827551532365183
LC551,6,6,160.0,323.7703948359315,28.002205994516284,42.204598521588494,0.5727487921186621,1.0500827247943607,1.0235649677245715
LC226,6,6,157.0,125.1515389764684,28.08483066453165,35.909915423119166,1.2979197542122918,1.0733056304916555,-0.20285643964032862
LC849,6,6,155.0,172.21837329779444,29.151017688048626,33.162279640322055,1.1188121002798843,1.1284264911502693,0.11108627934060929
LC998,6,6,154.0,108.1311313078769,23.935402932901084,40.30834846490452,1.0601632981153797,0.9325481662169254,-0.297849796702098
LC865,6,6,153.0,140.70810477069537,18.203594214365808,19.27229675151111,0.789831462782629,0.7138664397790513,-0.08033918450525897
LC996,6,6,153.0,172.1213928234467,23.691301303679726,28.814124854164213,0.8910723334473486,0.9290706393599893,0.12497642368265834
LC227,6,6,153.0,236.81499544086807,28.671055153684666,33.835429281326036,1.0927400893571193,1.1243551040660653,0.547810427718092
LC144,6,6,151.0,89.33204925748291,14.276460166888237,26.859144229991507,0.49042437061028576,0.5672765629227114,-0.4083970247848814
LC838,6,6,151.0,89.06081678378877,23.946428634938258,31.331522873969945,1.1737923837384034,0.9515137205935732,-0.41019326633252473
LC570,6,6,151.0,256.9438107867465,24.74266099632898,31.41935651301931,0.8147600762009212,0.9831520925693634,0.7016146409718312
LC820,6,6,150.0,168.6719656529793,32.76559906975972,41.68312880575265,1.2047683763167643,1.310623962790389,0.12447977101986202
LC893,6,6,149.0,66.76851244852797,17.710893703507036,36.840821509443536,0.7876484912153289,0.7131903504767934,-0.5518891781977987
LC618,6,6,148.0,144.73146393696499,7.593379056227299,9.978040239680466,0.3202099699653695,0.3078396914686743,-0.022084703128614977
LC218,6,6,148.0,152.30887213232864,16.152140723308577,23.027860240697365,0.6262209772790378,0.6548165158098072,0.029114000894112563
LC155,6,6,148.0,164.14432317304173,24.341360212877884,29.93528457231845,1.0411765570692941,0.9868119005220763,0.1090832646827145
LC909,6,6,147.0,85.5496305598592,25.864314894361556,29.0132702305625,1.532963400393003,1.055686322218839,-0.4180297240825905
LC969,6,6,146.0,84.78996246475,24.877122513964366,35.886194488506845,1.3356884706502898,1.022347500573878,-0.4192468324332191
LC906,6,6,144.0,239.9911287634442,15.998521460574034,16.93670688993356,0.8965452495535168,0.6666050608572515,0.6666050608572515
LC950,6,6,143.0,140.78168245516892,17.985808829057095,22.463235794725215,0.8158807849579498,0.7546493214988992,-0.01551271010371375
LC531,6,6,143.0,238.1091861198905,18.102622520842285,19.841773179069637,0.9332668720415106,0.7595505952800958,0.6650992036355977
LC333,6,6,143.0,116.11042370688523,27.697984461360814,35.71029103608241,1.365207126154842,1.1621531941829712,-0.18803899505674668
LC312,6,6,142.0,97.06240531204308,17.380992783187853,27.9904247426553,0.7927042119159019,0.7344081457685009,-0.3164619344222319
LC811,6,6,142.0,188.6727187875699,23.892652139279303,31.745598093516953,0.8967413026041843,1.009548681941379,0.3286811182223231
LC310,6,6,138.0,232.02053215006222,19.220944548548186,21.95428963880984,0.8075276321700118,0.8356932412412255,0.6813082039859583
LC818,6,6,138.0,118.13407336183997,20.105317682869416,26.321735418323712,1.0738440724545752,0.874144247081279,-0.14395599013159444
LC146,6,6,137.0,138.4626648969255,27.528377805066715,29.789421080802878,1.2678337289134474,1.2056223856233599,0.01067638610894538
LC861,6,6,136.0,162.11631615299342,18.007215795939928,19.28123202553561,1.0009125223142765,0.7944359909973497,0.19203173641906912
LC869,6,6,135.0,74.62261299148278,18.510919567019442,28.91728276607219,1.0895366869638659,0.8227075363119752,-0.4472399037667942
LC413,6,6,135.0,183.5888079731715,19.991253258630508,25.004127160876298,1.0257953898952568,0.8885001448280225,0.3599170960975668
LC334,6,6,135.0,142.99604238929336,27.95907011421375,31.275337340206164,1.2383951773439665,1.2426253384095,0.059229943624395376
LC502,6,6,130.0,168.16724878924973,11.103038861117659,13.166844626097472,0.47072347468059594,0.5124479474361996,0.29359422145576725
LC320,6,6,130.0,196.81210312245835,17.190248642675375,20.810751054091913,1.0836880226303491,0.793396091200402,0.5139392547881413
LC877,6,6,128.0,279.70296106870643,25.283826844784404,30.00229871655984,0.7348834842757271,1.185179383349269,1.185179383349269
LC573,6,6,128.0,140.54204670075345,28.182789447627158,34.99339283534713,1.2429344383331593,1.321068255357523,0.09798473984963635
LC615,6,6,127.0,147.7424379454459,11.985981481053834,14.029824070135856,0.5038826861375325,0.5662668416245906,0.16332628303500704
LC976,6,6,127.0,100.34197928737137,19.741084851306837,24.733621203092163,1.139504299574848,0.9326496780144963,-0.2099056749025877
LC898,6,6,126.0,115.94241680819212,14.322078046614058,17.061865450131627,0.8084271445127039,0.6820037165054313,-0.07982208882387205
LC426,6,6,124.0,205.3922502006561,14.871232457077078,17.674931187032655,0.8670953231025363,0.7195757640521167,0.65638911452142
LC147,6,6,123.0,104.93320296647785,17.05497062128924,20.471219534196578,0.9308091511452098,0.8319497864043532,-0.1468845287278225
LC408,6,6,123.0,207.48793205759804,19.24196515546694,27.648178386703762,0.6374722843223132,0.9386324466081434,0.6868937565658377
LC892,6,6,122.0,93.17690620087873,26.502248024609766,38.876340226581476,1.6486455228063044,1.3033892471119557,-0.23625486720591207
LC556,6,6,121.0,178.74094814192065,14.174089549556124,16.58827246597244,0.7086394963351675,0.7028474156804689,0.47719791852826965
LC913,6,6,120.0,119.23897075135083,6.270537752698805,6.94884598245007,0.48251451323629996,0.31352688763494024,-0.006341910405409642
LC834,6,6,120.0,121.7533163424429,23.17147112091463,25.16761333655655,1.2169809502873743,1.1585735560457315,0.014610969520357387
LC705,6,6,119.0,174.7672527334939,18.71160365196952,22.089816110943374,0.8187069606476195,0.9434422009396396,0.4686323759117136
LC244,6,6,118.0,115.03499449715622,8.796519003894613,10.094949145554544,0.559960248481109,0.44728062731667523,-0.025127165278337124
LC839,6,6,117.0,83.56614649551507,18.147888638966563,30.111521501985603,1.0925762122768885,0.9306609558444391,-0.2857594316622644
LC704,6,6,117.0,244.45049161693154,21.241748602821925,25.23256558279394,0.8932108896520612,1.089320441170355,1.089320441170355
LC817,6,6,117.0,166.30082867712662,21.67261346950386,26.6878880583514,0.9328205096582541,1.1114160753591724,0.4213746040780052
LC878,6,6,116.0,197.56461119777686,13.59410186629614,16.707094162418297,0.5672730108755336,0.7031431999808349,0.7031431999808349
LC442,6,6,112.0,143.22240247007704,21.310831335101934,26.915183421472065,0.9785867688855383,1.141651678666175,0.278771450625688
LC965,6,6,112.0,256.2241997831295,24.037366630521575,27.86209713561996,1.391224278865127,1.2877160694922272,1.2877160694922272
LC943,6,6,109.0,94.10640156969811,11.786360506114361,13.2374293851077,0.9775010879952938,0.6487904865751024,-0.13663851770919147
LC805,6,6,107.0,317.4956904376059,35.082615072934324,41.42613006854453,1.3451161738248516,1.9672494433421117,1.9672494433421117
LC115,6,6,104.0,278.8643421740512,29.14405702900854,32.817028998362495,1.2800870115057006,1.6813879055197236,1.6813879055197236
LC620,6,6,103.0,168.97165878549444,10.995276464249075,12.664427443840435,0.8158343220783036,0.6405015416067423,0.6405015416067423
LC945,6,6,101.0,194.7403230491108,18.8550290156102,23.803028998382807,0.8825167941576559,1.120100733600606,0.9281220103872356
LC229,6,6,101.0,220.63115610837897,27.01491872312403,32.658483669438205,1.452843616366299,1.6048466568192494,1.1844668921621682
LC416,6,6,100.0,102.67832950690081,13.743026547219282,16.541699351266953,1.004933780622987,0.8245815928331569,0.026783295069007985
LC956,6,6,98.0,215.10126562151453,19.516877603585755,23.27939950995544,1.4417881274866107,1.1949108736889238,1.1949108736889238
LC237,6,6,97.0,54.82318270895959,15.022092955217808,26.97101706839638,1.2505708826985213,0.9292016260959469,-0.4348125493921691
LC946,6,6,97.0,134.36504110935982,16.002766477627855,18.76405325083847,0.8490274281910248,0.9898618439769807,0.38520660937484336
LC897,6,6,97.0,79.14010233997838,20.936234946823117,31.30628510190966,1.3730829776115165,1.2950248420715331,-0.18412265628888264
LC131,6,6,96.0,138.4108704627903,9.175709745307989,12.344215989536378,0.6487027610802711,0.5734818590817493,0.44177990065406575
LC809,6,6,95.0,125.63192251177621,12.859558804861853,15.85567258460055,0.7155042453347241,0.812182661359696,0.32244128959764434
LC412,6,6,95.0,59.30168853885526,14.486721763906155,18.24373971790732,1.104200553637469,0.9149508482467046,-0.37577169959099727
LC216,6,6,93.0,81.2257658480553,23.564324864424563,30.46727273009329,1.631200249919264,1.5202790235112622,-0.12660466830048064
LC953,6,6,92.0,92.16496593070596,10.110604473711192,12.140536255126081,0.7173831534858136,0.6593872482855125,0.0017931079424559988
LC971,6,6,92.0,46.27153686383922,12.293681473179179,21.088986155188604,0.9505017252274827,0.8017618352073378,-0.49704851234957376
LC889,6,6,91.0,150.30621900839887,11.085188892623174,15.156239744263134,0.5474067131938092,0.7308915753377917,0.6517166923999874
LC728,6,6,90.0,125.83447751595044,7.6180246275256955,10.825832806042037,0.44867876050271843,0.507868308501713,0.3981608612883382
LC335,6,6,90.0,184.69783513527585,15.809246861304933,20.225906761847735,1.0427384112742268,1.0539497907536621,1.0521981681697314
LC607,6,6,89.0,66.35979743040627,13.164018219409394,20.046933366574287,0.930504639132003,0.887461902432094,-0.254384298534761
LC123,6,6,89.0,48.14998971726071,13.809445539201073,23.428899175685252,1.116051564034099,0.9309738565753533,-0.4589888795813403
LC860,6,6,89.0,157.86430850960133,15.52129932379458,21.641083639700803,0.8068963629150638,1.0463797296940165,0.7737562753887791
LC425,6,6,89.0,248.08973867250268,26.514956445417116,34.734920813882546,1.3348418490899452,1.7875251536236259,1.7875251536236259
LC927,6,6,88.0,89.64248288585162,9.390749017381443,10.051860891553233,0.7794326188141794,0.6402783420941893,0.01866457824831381
LC124,6,6,87.0,103.9648006314558,6.065525072068418,7.171082679077634,0.7233857500643595,0.418312073935753,0.19499770840753794
LC526,6,6,86.0,109.38079499421971,11.040938430492892,14.425872486719413,0.7471554823781897,0.7702980300343878,0.27186970923511283
LC303,6,6,85.0,236.11598183165657,25.18599697194276,28.743563930115023,1.3009710010315543,1.7778350803724303,1.7778350803724303
LC886,6,6,84.0,230.4970711996158,24.4161785332693,26.233227379186815,1.3851084848693314,1.7440127523763784,1.7440127523763784
LC871,6,6,83.0,108.54157620953526,7.3252833546338225,10.765866434522161,0.4097085739997232,0.5295385557566619,0.3077298338498226
LC961,6,6,83.0,49.93108718638592,8.929058632592481,12.660303330745883,0.7810943878790594,0.6454741180187336,-0.39842063630860336
LC827,6,6,83.0,152.20424079294835,12.542655539293401,13.65346560649643,0.9730301015427957,0.9066979907922941,0.8337860336499802
LC842,6,6,82.0,106.07494947562353,7.629046693392983,8.1611256305998,0.6589209241730712,0.5582229287848524,0.2935969448246774
LC602,6,6,82.0,56.93010914172423,14.046541173486565,17.014027493531785,1.2800156102507707,1.0277956956209682,-0.3057303763204362
LC980,6,6,80.0,68.28554410255327,16.01199876442129,18.020369895957753,1.3878736407221,1.2008999073315967,-0.14643069871808406
LC854,6,6,77.0,119.12886518840236,19.016822851779963,21.234758704622163,1.54308102379805,1.4818303520867504,0.5471281193299009
LC305,6,6,76.0,117.82328585183642,7.187909326294246,9.911061243830945,0.5872688264329212,0.5674665257600721,0.5503063927873213
LC579,6,6,76.0,106.6133564095652,8.944329941917696,11.052056440001365,0.7808051760264473,0.7061313112040285,0.40280732117848944
LC625,6,6,76.0,107.33253281289062,15.296404408743891,19.22375683625951,0.9817976604215425,1.2076108743745178,0.4122701685906662
LC422,6,6,73.0,97.97281011951449,11.119049566447089,12.855133769541457,0.8634972709571483,0.9138944849134594,0.34209328930841754
LC964,6,6,73.0,151.30869265842423,13.486595846980494,16.468970622656958,1.0962584757042502,1.1084873298888078,1.0727218172386883
LC222,6,6,72.0,125.51596679635759,23.20468938456632,25.603906374425186,1.499081980610779,1.9337241153805265,0.7432773166160778
LC872,6,6,71.0,77.13826286622654,9.639397817333064,12.085945694206547,1.235513921165195,0.8145969986478646,0.08645440656657105
LC577,6,6,71.0,166.13361718427555,15.855602864045922,17.474000395438583,1.3575026612013439,1.3399101011869794,1.3399101011869794
LC580,6,6,71.0,85.04867738480633,17.454253382564385,18.294189082867728,1.4601016160104543,1.4750073281040323,0.19786869556065248
LC715,6,6,71.0,174.3267779525161,18.24665496857891,22.50412840176429,1.1426741841300914,1.541970842415119,1.4553067317255788
LC987,6,6,68.0,133.24241545521258,21.726549693870762,25.436577126015784,1.2641143019312249,1.9170485024003612,0.9594472861060676
LC822,6,6,67.0,79.90984187598929,6.645079394843191,7.88921344883674,0.8030176313798335,0.595081736851629,0.19268420710431777
LC974,6,6,67.0,152.31270779102005,14.218784631836677,15.810820329618457,1.1565154437316618,1.2733239968808965,1.2733239968808965
LC304,6,6,67.0,120.01254930106849,16.933623775161077,19.756606349018774,1.1087914958055327,1.5164439201636786,0.7912320791204253
LC912,6,6,66.0,86.34899810710684,7.512846633718179,7.686570712452182,0.9601058253530912,0.6829860576107435,0.3083181531379824
LC642,6,6,64.0,86.35876056870642,7.876428892681711,8.882343812736204,0.6384887794420929,0.7384152086889104,0.3493556338860378
LC574,6,6,64.0,103.8452785182814,14.637812016504258,16.737026268581,1.0292548654625533,1.3722948765472742,0.6225824768481467
LC565,6,6,63.0,87.68330365012159,4.276649684102746,4.9731638123774875,0.5059547324529801,0.4072999699145472,0.3917984706368507
LC726,6,6,63.0,153.45773510438286,15.076289184063805,17.27809442467722,1.2274616936338467,1.4358370651489338,1.4358370651489338
LC978,6,6,62.0,81.7487488427599,6.598455351136839,7.118150208163035,0.7561571223622657,0.638560195271307,0.31852820714128877
LC952,6,6,62.0,117.94279253784057,10.711629415831675,12.563797611822276,1.0562586615045195,1.0366092983062911,0.9023031054490415
LC581,6,6,62.0,233.36292919206562,32.73196600842373,47.78760086247109,1.1305932616685483,3.1676096137184255,2.763918212775252
LC837,6,6,60.0,107.43121701623632,13.632264475480575,16.63522889948236,1.024017848274493,1.3632264475480576,0.7905202836039387
LC532,6,6,60.0,156.01992967915788,16.003321613192977,18.188942071904417,1.4221729969995103,1.6003321613192976,1.6003321613192976
LC619,6,6,59.0,52.411777851460954,5.946720460940425,6.441058513164429,0.9298804093265666,0.6047512333159755,-0.11166478217862792
LC137,6,6,59.0,63.78000618300852,8.209868810858028,10.231161428118178,0.903656372398948,0.834901912968613,0.08101705394929681
LC884,6,6,59.0,110.83806911835529,8.75420105313485,11.108622736760319,0.6916861787063221,0.8902577342171033,0.8786113409890728
LC819,6,6,59.0,96.15419650784662,11.149625319480771,11.558588987664814,1.284502929440747,1.1338602019810955,0.6297321442007904
LC701,6,6,59.0,218.77467552748314,26.629112587913855,32.24094834929384,1.629846162109934,2.708045347923443,2.708045347923443
LC835,6,6,58.0,45.18504307369301,6.418012564311819,7.4400512321936585,0.7193162080996044,0.6639323342391537,-0.22094753321218957
LC561,6,6,58.0,35.927933898813315,13.2304944329226,20.480026897173865,1.5153942317410802,1.3686718378885447,-0.3805528638135635
LC135,6,6,57.0,97.77391521577304,6.824914002748531,8.498970949726798,0.9995112694634267,0.7184120002893191,0.7153318458907552
LC609,6,6,57.0,28.16170457688237,8.396149226924011,11.689843409214799,1.2645931534717045,0.8838051817814749,-0.5059350074231163
LC436,6,6,56.0,77.71558487497512,6.716193732004887,9.146503555751208,0.4980617688220379,0.7195921855719521,0.38777830133884106
LC315,6,6,56.0,96.37562013201082,7.615360550887819,8.218881543407955,1.1295634237085759,0.8159314875951235,0.7209932166430504
LC603,6,6,56.0,61.75810509523283,8.656741911497095,10.19806455551049,0.9164123696594584,0.9275080619461172,0.10282330527201484
LC508,6,6,56.0,71.65944449694172,9.70055115722496,11.901488358442537,0.9965480415453025,1.0393447668455313,0.2796329374453877
LC875,6,6,54.0,73.4798447850982,10.265876882501656,12.372103527192492,1.235037229775459,1.1406529869446285,0.3607378663907073
LC716,6,6,54.0,21.85082976424563,11.640097395585485,20.58050799394608,1.7684614278407016,1.293344155065054,-0.5953550043658217
LC318,6,6,53.0,87.86173231047505,5.810288718412508,6.479992426209972,0.7442029654995208,0.6577685341599065,0.6577685341599065
LC112,6,6,53.0,89.67951173399368,8.268474860902561,9.87609244486346,1.1613115859934913,0.9360537578380258,0.6920662591319561
LC904,6,6,53.0,114.74193917695197,14.316470310276472,15.174523766669173,1.3743405236585577,1.620732487955827,1.1649422486217351
LC890,6,6,52.0,120.19008660253938,12.232894891055507,14.277639625321775,0.8948664968026209,1.411487872044866,1.3113478192796035
LC329,6,6,50.0,90.28337041792255,7.329606378169497,10.438097204406919,0.558561465192514,0.8795527653803396,0.8056674083584511
LC864,6,6,50.0,93.00741903521462,12.110526346033138,16.261692067771467,0.9173425984876001,1.4532631615239766,0.8601483807042927
LC241,6,6,50.0,176.4741786638376,21.079029777306264,28.508906477762448,1.1277641851586113,2.5294835732767518,2.5294835732767518
LC220,6,6,49.0,49.63948490449989,5.611609238076817,7.8966674996091815,0.6085410784609976,0.6871358250706308,0.013050712336732169
LC150,6,6,49.0,63.98960318502064,7.049221110837334,9.260551032555993,0.7774525977255867,0.8631699319392654,0.3059102690820538
LC707,6,6,49.0,62.98535357112114,9.42976887284969,9.808629759152419,1.237764568160191,1.154665576267309,0.28541537900247216
LC935,6,6,49.0,108.82184338372149,15.057603904008433,16.263682277864124,1.549588053688776,1.8437882331438897,1.2208539466065613
LC627,6,6,48.0,45.71886454654275,6.544266539557067,7.557443152413575,0.89641429523152,0.8180333174446334,-0.04752365528035948
LC812,6,6,48.0,129.34096330162504,14.40063473148376,16.908728076316066,1.502484968021457,1.80007934143547,1.694603402117188
LC578,6,6,47.0,146.92191766895095,16.653652944825158,19.799997252126396,1.2526190475285073,2.125998248275552,2.125998248275552
LC959,6,6,46.0,81.56836849578727,6.739218998469351,8.130319739094917,1.1087258338027342,0.8790285650177414,0.773225402082332
LC870,6,6,46.0,50.488118435978095,8.425584940321459,9.06231621619698,1.1255643371598705,1.0989893400419295,0.09756779208648053
103954,6,6,45.0,69.69390377075979,6.755161994344032,7.50401572936861,0.9973777318605618,0.9006882659125376,0.5487534171279951
LC714,6,6,44.0,43.04253604740213,4.955108097237252,5.475530423804345,0.7427656569923734,0.6756965587141708,-0.021760544377224248
LC509,6,6,44.0,59.53774335132313,8.443405724171688,9.692852570987062,1.0067299487278523,1.1513735078415939,0.35313053071188916
LC617,6,6,42.0,178.44579790803513,22.74096631800586,27.4096088625406,1.6495123531919076,3.248709474000837,3.248709474000837
LC628,6,6,41.0,56.78982143457561,7.964389297705451,9.318880806408075,1.0459212794590382,1.165520385030066,0.3851175959652588
LC725,6,6,41.0,129.1638816932343,14.693980282205715,16.942554282841492,1.423024869062747,2.150338577883763,2.150338577883763
LC960,6,6,40.0,41.887406295801114,4.4598845859319916,5.247943773598156,0.7906969024346644,0.6689826878897988,0.0471851573950278
LC862,6,6,40.0,17.9782636019566,5.755365280918025,8.944571379935445,1.0143047821500566,0.8633047921377038,-0.5505434099510851
LC246,6,6,40.0,67.73614846623705,6.908581201012879,7.628008805848877,1.2412123019800003,1.0362871801519318,0.6934037116559264
LC152,6,6,39.0,90.82842025495543,9.743509618002244,12.610551976105578,1.4063005488698896,1.4990014796926532,1.3289338526911643
LC575,6,6,37.0,45.207400753350164,6.1108263519404815,7.370192132928297,0.8661064577679838,0.9909448138281862,0.22182164198243687
LC118,6,6,37.0,84.76967486223165,7.961612477038613,10.438900020319407,0.703628866748104,1.291072293573829,1.291072293573829
LC836,6,6,37.0,91.73148315571969,9.121913859286616,11.84383144285571,1.4018240103205024,1.4792292744789106,1.4792292744789106
LC114,6,6,37.0,94.63141848647605,13.157476866202442,15.586411851672414,1.2580020938529237,2.1336448972220174,1.557605905039893
LC104,6,6,36.0,50.64600446022097,7.227546216894809,8.143530713679644,1.4538877981967042,1.204591036149135,0.40683345722836034
LC710,6,6,35.0,81.73187315146308,8.936884636046805,9.89871057145528,1.1439434777577107,1.5320373661794524,1.3351963757560878
LC325,6,6,34.0,156.0361372657257,20.339356210954286,22.12579859993178,1.6553490395667358,3.5892981548742857,3.5892981548742857
LC985,6,6,33.0,45.92310267374074,2.5707466838847624,3.3226591195358535,0.602185901850883,0.4674084879790477,0.39160917193153777
LC604,6,6,33.0,34.55682468103535,4.440575796817214,5.484208596105247,0.9154366232992496,0.8073774176031298,0.04717650548591969
LC629,6,6,33.0,44.14849934429472,5.688109957364929,6.868828163047032,0.9482378466781173,1.0342018104299873,0.33783331346347645
LC833,6,6,32.0,42.66328168165921,3.9584513790849534,4.1555200120536435,0.8025600342187326,0.7422096335784287,0.3332275525518503
LC623,6,6,32.0,183.0811327462696,25.18018879104493,31.403894611458732,1.3952875273689296,4.721285398320925,4.721285398320925
LC866,6,6,31.0,39.39881671543127,2.690282454188185,3.1240693538766418,0.547770248402354,0.5206998298428746,0.2709295714655248
LC605,6,6,31.0,31.976492382500233,3.774049329250134,5.055414833242473,0.854210524577625,0.730461160500026,0.031499754274201174
LC613,6,6,31.0,31.779079639468975,6.309608395900195,7.9275499278286565,1.262223506329722,1.2212145282387474,0.025131601273192798
LC731,6,6,31.0,61.0416582408585,7.862718715557777,9.55105570989098,1.4155189267634067,1.521816525591828,0.969085749705113
LC933,6,6,31.0,125.13361924149602,15.688936540249337,18.116748412832752,1.338303050438051,3.0365683626289037,3.0365683626289037
LC601,6,6,30.0,33.17115923485391,3.0000469719048017,3.2063063313751803,0.6323318288641288,0.6000093943809603,0.10570530782846364
LC930,6,6,29.0,50.530750621498115,5.843118826332899,6.825725836619504,1.0089081050972692,1.2089211364826686,0.7424396766033834
LC236,6,6,28.0,131.74317056372462,17.290528427287434,20.47053728140632,1.3007707957465364,3.705113234418736,3.705113234418736
LC979,6,6,27.0,37.67800128645298,6.435473957420463,7.375273167030369,1.3175831832409535,1.430105323871214,0.39548152912788825
LC957,6,6,27.0,86.85302713712704,9.975504522854504,12.410432057889222,1.364772482207923,2.216778782856556,2.216778782856556
LC438,6,6,26.0,39.936272862620626,3.3891229846570083,4.783819220305541,0.625772590549759,0.7821053041516173,0.5360104947161779
LC975,6,6,25.0,31.6412497072859,3.2501916355841147,4.161947204902311,0.7795209631545045,0.7800459925401876,0.26564998829143605
103894,6,6,25.0,53.649026235296944,4.810017032861903,5.326858710575096,1.1494562908609218,1.1544040878868567,1.145961049411878
103857,6,6,23.0,36.30306287761338,3.518445154078034,3.7824693035940515,1.1738773130758522,0.9178552575855742,0.5783940381571034
LC851,6,6,23.0,45.69960052265244,3.7832667537754063,4.415363298586499,0.8505291818811754,0.9869391531588017,0.9869391531588017
LC720,6,6,23.0,37.303431638505394,4.507691099685437,5.518524199789083,1.0770734166892781,1.1759194173092447,0.6218883321089304
LC230,6,6,23.0,56.50586968273702,5.584311613789502,7.780237226629018,0.887898645453587,1.4567769427276962,1.4567769427276962
LC729,6,6,23.0,132.0713958154492,18.178565969241532,22.05451315281102,1.4752069902139506,4.742234600671704,4.742234600671704
103968,6,6,22.0,31.221398425050193,2.8649854655779823,3.113436213999746,0.9767429523893644,0.7813596724303588,0.4191544738659179
LC641,6,6,22.0,37.19500528567162,3.9539309699487895,5.485899314199212,0.7185811394006132,1.0783448099860335,0.690682058439619
LC525,6,6,22.0,44.89590768093798,5.949248642636075,6.496881745028081,1.3809308817304498,1.622522357082566,1.040723076406272
LC566,6,6,22.0,70.7444457719355,8.124074295322584,9.038006665586158,1.3578429378191998,2.2156566259970685,2.2156566259970685
LC843,6,6,22.0,112.48616610793528,15.08102768465588,16.25351193502151,1.6854531934218437,4.113007550360694,4.113007550360694
LC813,6,6,22.0,145.627181509732,20.97885829707087,25.017850565265977,1.5419151234169444,5.721506808292056,5.619417341351456
LC900,6,6,21.0,31.822752648413204,2.2921892515715077,2.854856821598314,0.7460892249467053,0.6549112147347165,0.5153691737339623
LC873,6,6,21.0,26.6499257002205,2.962767412099384,3.535633660853219,0.9333350030579958,0.8465049748855383,0.26904408096288096
LC643,6,6,21.0,35.63115493179429,3.4463642865606823,4.238600833127442,0.7731733213277043,0.9846755104459093,0.6967216634187757
LC923,6,6,21.0,48.34865972353802,6.956411946131687,8.777928613925921,1.2965034292981485,1.987546270323339,1.3023171296922862
LC711,6,6,20.0,35.85112741527249,4.257301473763266,5.396014570097936,1.147021662857104,1.27719044212898,0.7925563707636246
LC524,6,6,19.0,22.63381537377798,2.8427375804657014,3.0219875449990363,0.8885428515246656,0.8977066043575899,0.1912534407251571
LC993,6,6,19.0,34.476213696551206,3.4587139302882406,4.6944775515851065,0.9725781432368271,1.0922254516699708,0.8145375629763796
LC633,6,6,18.0,11.42500971292252,2.674749496211605,3.0556737003948786,1.2259018575325837,0.8915831654038683,-0.365277238170971
LC417,6,6,18.0,46.97482847570673,5.351082733637835,6.484239627538487,1.6818244217228935,1.783694244545945,1.6097126930948185
103316,6,6,17.0,33.46019235784208,3.2193575052427152,3.7364406006186974,1.1307045305047774,1.1362438253797817,0.9682466092848284
103871,6,6,17.0,13.005260220435988,3.3205667240091845,4.340052209296144,1.3630015692528978,1.1719647261208888,-0.2349846929155303
LC583,6,6,17.0,31.805999771447482,3.879333390260791,4.052340009163816,1.1384445824374818,1.3691764906802792,0.8709411630263224
LC929,6,6,16.0,48.91271132043361,5.485451886738936,5.680112173096675,1.5619414965562168,2.057044457527101,2.057044457527101
103944,6,6,16.0,64.27333293670048,8.713587544693587,11.027254253603669,1.491916672865451,3.267595329260095,3.01708330854378
103837,6,6,15.0,33.11937068225602,3.0198951137093366,3.26393442767947,1.0081794557824042,1.2079580454837346,1.2079580454837346
103558,6,6,15.0,35.020733272988934,3.427388308996141,3.8422119800777894,1.0288149869486112,1.3709553235984564,1.3347155515325955
103557,6,6,15.0,29.549945385849462,5.661586030833393,6.27865905094667,1.7451200638509923,2.2646344123333573,0.9699963590566308
LC421,6,6,14.0,37.18918282032468,4.797219472967072,6.055740796040445,1.2649214067913228,2.055951202700174,1.656370201451763
LC880,6,6,14.0,83.8918584535933,11.648643075598883,13.108537003924361,1.528910324494477,4.992275603828093,4.992275603828093
103945,6,6,13.0,24.04313976516388,4.055256326907933,4.504048784834472,1.5298061452638623,1.8716567662651995,0.8494722896279904
LC527,6,6,13.0,170.6536212063737,26.275603534395614,31.251972020708482,1.7921526459398318,12.127201631259513,12.127201631259513
LC431,6,6,12.0,88.20487429394382,14.30478083934039,18.033334163294374,1.7350925802663657,7.152390419670195,6.3504061911619845
103845,6,6,11.0,7.428541691995797,2.2803191934351896,2.951331650319807,1.560190827933172,1.243810469146467,-0.3246780280003822
LC990,6,6,11.0,57.86772485505077,7.8112874758417945,8.769896490731247,1.5408964762867534,4.26070225955007,4.26070225955007
LC435,6,6,11.0,71.34854722845274,10.058091204742125,12.141513261004214,1.5720654345053486,5.486231566222977,5.486231566222977
LC896,6,6,10.0,24.030945959078537,2.338490993179756,3.222548545522121,1.371078345024064,1.4030945959078536,1.4030945959078536
103203,6,6,10.0,20.820197551154944,3.1737517270488262,3.4206380808395,1.4485652077129194,1.904251036229296,1.0820197551154944
103706,6,6,10.0,30.9214410806223,3.5832143665361205,4.212042259233219,1.2479152939740055,2.1499286199216723,2.0921441080622305
103125,6,6,10.0,39.09138686254323,5.290244017596,5.854173611988459,1.4188314329762644,3.1741464105576,2.909138686254323
LC634,6,6,9.0,10.928711498218334,2.0707814150269592,2.441367290530942,1.5844635969162226,1.3805209433513062,0.21430127757981488
LC610,6,6,9.0,6.490479592942588,2.0999644780312514,2.6670459763174033,1.7861415274007202,1.399976318687501,-0.27883560078415687
LC740,6,6,9.0,11.77305765361436,2.4934053234249576,2.78974147288424,1.6480430648230033,1.6622702156166382,0.3081175170682624
103153,6,6,9.0,32.77018326652178,3.9616972110869626,4.326531494878768,1.399335394380378,2.641131474057975,2.641131474057975
LC129,6,6,9.0,72.67694055225397,10.61282342537566,12.812072022875086,1.6952833406863004,7.075215616917108,7.075215616917108
103941,6,6,8.0,7.553523476366197,2.1191917417750203,2.363479327325043,1.7956310214504354,1.5893938063312651,-0.055809565454225274
103336,6,6,8.0,15.293331487620177,2.144748659087522,2.495048526783465,1.4729901772076996,1.6085614943156417,0.9116664359525218
103101,6,6,8.0,26.72814022744481,3.1213567045741346,3.4544811437254133,1.5168886029633377,2.341017528430601,2.341017528430601
103206,6,6,8.0,23.811163937954763,3.3211074705195873,3.6548870093600563,1.4883213822244512,2.4908306028896905,1.9763954922443454
103133,6,6,8.0,33.18179363806237,4.196965606343729,4.507033047539539,1.5585145281750055,3.1477242047577967,3.1477242047577967
103570,6,6,8.0,32.726760602936054,4.229472974328137,4.656474152461253,1.348876256772787,3.1721047307461023,3.0908450753670063
103571,6,6,8.0,34.71532737056731,4.931801937418494,5.469192042385188,1.4966861414977617,3.6988514530638708,3.339415921320914
103830,6,6,7.0,6.703035222030803,1.3360216479722247,1.6088602070589237,1.3885591470744731,1.145161412547621,-0.04242353970988517
103424,6,6,7.0,11.096222211599603,1.8940015538605899,2.5381376938102194,1.3904675395399142,1.623429903309077,0.5851746016570862
103520,6,6,7.0,25.64896894549163,3.108161490915272,3.6630684953959047,1.4213058588948453,2.6641384207845187,2.6641384207845187
LC874,6,6,7.0,20.925683707344255,4.223660886220249,6.500466147624103,1.6610415202285598,3.6202807596173563,1.9893833867634647
LC149,6,6,7.0,55.81945475593278,8.136575792655464,10.771199705095304,1.5823969642850626,6.974207822276112,6.974207822276112
LC963,6,6,7.0,58.80730790047696,8.63455131674616,10.58776907016845,1.5369405481006282,7.401043985782422,7.401043985782422
LC636,6,6,6.0,4.545090889365648,1.2902883214114624,1.504889638476211,1.7556174584476174,1.2902883214114624,-0.242484851772392
LC644,6,6,6.0,6.145807201428087,1.6229197446505497,1.758327227751181,1.7785267329939602,1.6229197446505497,0.02430120023801452
LC738,6,6,6.0,6.034428327003443,1.6592902261083087,2.239055093785449,1.9015681422218413,1.6592902261083087,0.0057380545005736305
LC719,6,6,6.0,8.260548607350685,1.8485272330819458,2.4056271080681815,1.6349308581353965,1.8485272330819458,0.3767581012251144
LC510,6,6,6.0,24.82228386106143,3.137047310176905,3.9365264843931853,1.378912205871685,3.137047310176905,3.137047310176905
103407,6,6,6.0,27.750956119436804,3.625159353239468,3.975628726555047,1.505434282361339,3.625159353239468,3.625159353239468
103154,6,6,6.0,28.869015935761556,3.8115026559602594,4.16981568625461,1.733609758354044,3.8115026559602594,3.8115026559602594
103309,6,6,6.0,28.869371681846964,3.8115619469744946,4.500105613019923,1.523177526735384,3.8115619469744946,3.8115619469744946
103840,6,6,6.0,29.235235851640574,4.231878654367635,5.220353012595198,1.5123209424646065,4.231878654367635,3.8725393086067625
LC117,6,6,6.0,33.9591781121222,4.659863018687034,5.768517816616393,1.5789876854679044,4.659863018687034,4.659863018687034
LC829,6,6,6.0,49.60201603894121,7.267002673156868,8.203152365468478,1.8302040246743385,7.267002673156868,7.267002673156868
LC910,6,6,6.0,83.32367304710623,12.88727884118437,14.766715808983191,1.8532638124135283,12.88727884118437,12.88727884118437
LC631,6,6,6.0,86.15805469877094,14.87439457949363,21.557152020156224,1.8698252729107387,14.87439457949363,13.35967578312849
104906,6,6,5.0,6.979381922674627,1.2262926407651953,1.3171744098923326,1.5710262361791119,1.4715511689182343,0.39587638453492546
103856,6,6,5.0,10.668127640684643,1.6450341457356437,1.8123272054534412,1.6499871612178805,1.9740409748827723,1.1336255281369285
103720,6,6,5.0,18.175646151580303,2.1959410252633838,2.42993809296026,1.5635378369632942,2.6351292303160605,2.6351292303160605
103530,6,6,5.0,25.642133170995752,3.440355528499292,4.6384779959471,1.6213704884440876,4.12842663419915,4.12842663419915
103102,6,6,5.0,26.762797510841335,4.064896748980133,5.043957879828332,1.6023685229016849,4.877876098776159,4.352559502168267
103877,6,6,5.0,29.429806986227693,4.071634497704616,4.68342896988981,1.6614324036961106,4.885961397245539,4.885961397245539
LC937,6,6,5.0,89.29589965899831,14.04931660983305,17.173369708718177,1.81121469774729,16.859179931799662,16.859179931799662
103528,6,6,4.0,6.072983541943406,1.1769644104376324,1.363942485079153,1.712577875958246,1.7654466156564488,0.5182458854858515
103314,6,6,4.0,11.11090305382609,1.9336347553309683,2.380995613844782,1.767877084833114,2.9004521329964525,1.777725763456523
103719,6,6,4.0,16.049517571245932,2.008252928540989,2.2678718570733367,1.5832736918453267,3.012379392811484,3.012379392811484
LC554,6,6,4.0,81.63053837041575,12.938423061735959,17.19618424150697,1.6018841019664178,19.407634592603937,19.407634592603937
103144,6,6,3.0,5.126357369355261,0.7781065663433382,0.8170857705922029,1.5628007966072346,1.5562131326866764,0.7087857897850868
LC238,6,6,3.0,4.027534142739937,0.8311486809060158,0.9948928175075363,1.8308060440314222,1.6622973618120316,0.3425113809133123
LC741,6,6,3.0,3.660060428143168,0.9822022246934395,1.257540418787487,1.9244505778522276,1.964404449386879,0.22002014271438938
LC742,6,6,3.0,5.654622265896087,1.2481542685674307,1.3842909172050872,1.891548422928673,2.4963085371348614,0.8848740886320292
104907,6,6,3.0,5.341103095369754,1.2563016227645953,1.4185565489260477,1.9212838727344472,2.5126032455291907,0.780367698456585
LC635,6,6,3.0,9.410369912860478,1.5333001986649542,1.772536253861282,1.7676170481854,3.0666003973299083,2.136789970953492
LC986,6,6,3.0,12.77198053350722,1.9302815538527047,2.8559850098816675,1.4375494935130166,3.8605631077054094,3.2573268445024066
LC722,6,6,3.0,11.177220380384213,2.165416537049133,2.5627449590881857,1.8900703189429036,4.330833074098266,2.725740126794738
103111,6,6,3.0,25.483737036325795,3.7472895060542992,4.293583415976534,1.763968949360038,7.4945790121085984,7.4945790121085984
103966,6,6,3.0,28.15363605323478,4.19227267553913,4.678603150064362,1.7628979021495395,8.38454535107826,8.38454535107826
103209,6,6,3.0,29.209114743138183,4.368185790523031,4.929733656070475,1.842989130489385,8.736371581046061,8.736371581046061
LC404,6,6,3.0,51.301732816006634,8.050288802667772,9.647104319414826,1.899553781781443,16.100577605335545,16.100577605335545
LC626,6,6,3.0,59.09235084289412,9.348725140482353,12.834703165281526,1.8540800499015997,18.697450280964706,18.697450280964706
LC337,6,6,3.0,95.75239110378043,15.458731850630071,20.100074028727043,1.7661105222854092,30.917463701260143,30.917463701260143
LC751,6,6,2.0,3.396611384157029,0.5916777383407447,0.6291224772262964,1.5803456229282602,1.7750332150222339,0.6983056920785146
LC612,6,6,2.0,6.747129261783102,1.3264516055991593,1.6992026473650543,1.8902324511484707,3.979354816797478,2.373564630891551
LC977,6,6,2.0,21.58024165214085,3.5225634157116446,4.76935962653815,1.747099681644797,10.567690247134934,9.790120826070424
103110,6,6,2.0,27.29496439729543,4.215827399549238,5.630183076948201,1.8574186222147961,12.647482198647715,12.647482198647715
LC931,6,6,2.0,55.350204360409904,9.080309470439323,13.29450897039193,1.7215878082271494,27.240928411317967,26.675102180204952
LC614,6,6,2.0,88.77085801586384,14.46180966931064,18.56005989207819,1.7863643334897439,43.38542900793192,43.38542900793192
103002,6,6,1.0,3.2741163182976094,0.3790193863829349,0.42221609527103315,1.6700194388851626,2.2741163182976094,2.2741163182976094
103123,6,6,1.0,5.058440089631034,0.6764066816051723,0.706081400143457,1.7756557986139916,4.058440089631033,4.058440089631033
LC648,6,6,1.0,4.755315909241414,0.7928329617834938,0.9423422201284067,1.7780270822036204,4.756997770700963,3.7553159092414146
103874,6,6,1.0,7.801133566883436,1.1335222611472393,1.3968740089618528,1.8069009155409201,6.801133566883436,6.801133566883436
103149,6,6,1.0,8.46627011834118,1.2443783530568635,1.5546492114936306,1.866015604091969,7.466270118341181,7.466270118341181
LC243,6,6,1.0,7.932302119060253,1.3501364436772338,2.0359733813402645,1.804229015255312,8.100818662063404,6.932302119060253
LC606,6,6,1.0,8.285058593044658,1.4186426327183463,2.160602458009577,1.8141251942471188,8.511855796310078,7.285058593044658
103227,6,6,1.0,10.066247658899231,1.511041276483205,2.055013801767918,1.8956319550759444,9.066247658899231,9.066247658899231
103148,6,6,1.0,13.153181145783165,2.025530190963861,2.7528161453749496,1.9070785334091698,12.153181145783165,12.153181145783165
103324,6,6,1.0,14.614866391032109,2.2691443985053517,2.9932782417824737,1.914602892748049,13.614866391032109,13.614866391032109
LC848,6,6,1.0,15.111668049766351,2.516312066329719,4.3684306873277,1.7757433330100827,15.097872397978314,14.111668049766351
103560,6,6,1.0,27.078620380422986,4.346436730070498,5.596751669886034,1.9468468357852193,26.078620380422986,26.078620380422986
LC622,6,6,1.0,33.891699429972974,5.481949904995496,7.662591880980405,1.7114686900809295,32.891699429972974,32.891699429972974
LC732,6,6,1.0,56.285074876935,9.214179146155834,12.433043087555,1.884034940537963,55.285074876935,55.285074876935
LC151,6,6,1.0,63.8724558878174,10.478742647969566,14.262779624076781,1.8704377352055939,62.8724558878174,62.8724558878174
LC630,6,6,1.0,86.77858007483849,14.296430012473081,18.635493710640663,1.8618163734651612,85.77858007483849,85.77858007483849
LC105,6,6,1.0,88.8709681151764,14.6451613525294,22.836712568868258,1.7399161400278649,87.8709681151764,87.8709681151764
LC321,6,6,1.0,101.55982749702534,16.759971249504222,21.11376304859591,1.8852830555799827,100.55982749702534,100.55982749702534
LC611,6,6,1.0,129.58645926509305,21.431076544182176,27.830883328411158,1.877545967512722,128.58645926509305,128.58645926509305
LC914,6,6,0.0,2.9680511039333823,0.49467518398889704,0.5433451319576431,2.0,2968051103.933382,2968051103.933382
104830,6,6,0.0,3.0158341958900206,0.5026390326483368,0.5601484483896162,2.0,3015834195.8900204,3015834195.8900204
104957,6,6,0.0,3.0158341958900206,0.5026390326483368,0.5601484483896162,2.0,3015834195.8900204,3015834195.8900204
AK101,6,6,0.0,3.0158341958900206,0.5026390326483368,0.5601484483896162,2.0,3015834195.8900204,3015834195.8900204
AK106,6,6,0.0,3.0158341958900206,0.5026390326483368,0.5601484483896162,2.0,3015834195.8900204,3015834195.8900204
AK110,6,6,0.0,3.0158341958900206,0.5026390326483368,0.5601484483896162,2.0,3015834195.8900204,3015834195.8900204
AK115,6,6,0.0,3.0158341958900206,0.5026390326483368,0.5601484483896162,2.0,3015834195.8900204,3015834195.8900204
AK119,6,6,0.0,3.0158341958900206,0.5026390326483368,0.5601484483896162,2.0,3015834195.8900204,3015834195.8900204
AK126,6,6,0.0,3.0158341958900206,0.5026390326483368,0.5601484483896162,2.0,3015834195.8900204,3015834195.8900204
AK127,6,6,0.0,3.0158341958900206,0.5026390326483368,0.5601484483896162,2.0,3015834195.8900204,3015834195.8900204
AK133,6,6,0.0,3.0158341958900206,0.5026390326483368,0.5601484483896162,2.0,3015834195.8900204,3015834195.8900204
AK135,6,6,0.0,3.0158341958900206,0.5026390326483368,0.5601484483896162,2.0,3015834195.8900204,3015834195.8900204
AK150,6,6,0.0,3.0158341958900206,0.5026390326483368,0.5601484483896162,2.0,3015834195.8900204,3015834195.8900204
AK151,6,6,0.0,3.0158341958900206,0.5026390326483368,0.5601484483896162,2.0,3015834195.8900204,3015834195.8900204
AK152,6,6,0.0,3.0158341958900206,0.5026390326483368,0.5601484483896162,2.0,3015834195.8900204,3015834195.8900204
AK153,6,6,0.0,3.0158341958900206,0.5026390326483368,0.5601484483896162,2.0,3015834195.8900204,3015834195.8900204
AK201,6,6,0.0,3.0158341958900206,0.5026390326483368,0.5601484483896162,2.0,3015834195.8900204,3015834195.8900204
AK202,6,6,0.0,3.0158341958900206,0.5026390326483368,0.5601484483896162,2.0,3015834195.8900204,3015834195.8900204
AK203,6,6,0.0,3.0158341958900206,0.5026390326483368,0.5601484483896162,2.0,3015834195.8900204,3015834195.8900204
AK207,6,6,0.0,3.0158341958900206,0.5026390326483368,0.5601484483896162,2.0,3015834195.8900204,3015834195.8900204
AK209,6,6,0.0,3.0158341958900206,0.5026390326483368,0.5601484483896162,2.0,3015834195.8900204,3015834195.8900204
AK213,6,6,0.0,3.0158341958900206,0.5026390326483368,0.5601484483896162,2.0,3015834195.8900204,3015834195.8900204
AK214,6,6,0.0,3.0158341958900206,0.5026390326483368,0.5601484483896162,2.0,3015834195.8900204,3015834195.8900204
AK216,6,6,0.0,3.0158341958900206,0.5026390326483368,0.5601484483896162,2.0,3015834195.8900204,3015834195.8900204
AK221,6,6,0.0,3.0158341958900206,0.5026390326483368,0.5601484483896162,2.0,3015834195.8900204,3015834195.8900204
AK227,6,6,0.0,3.0158341958900206,0.5026390326483368,0.5601484483896162,2.0,3015834195.8900204,3015834195.8900204
AK236,6,6,0.0,3.0158341958900206,0.5026390326483368,0.5601484483896162,2.0,3015834195.8900204,3015834195.8900204
AK402,6,6,0.0,3.0158341958900206,0.5026390326483368,0.5601484483896162,2.0,3015834195.8900204,3015834195.8900204
AK433,6,6,0.0,3.0158341958900206,0.5026390326483368,0.5601484483896162,2.0,3015834195.8900204,3015834195.8900204
AK551,6,6,0.0,3.0158341958900206,0.5026390326483368,0.5601484483896162,2.0,3015834195.8900204,3015834195.8900204
AK555,6,6,0.0,3.0158341958900206,0.5026390326483368,0.5601484483896162,2.0,3015834195.8900204,3015834195.8900204
AK557,6,6,0.0,3.0158341958900206,0.5026390326483368,0.5601484483896162,2.0,3015834195.8900204,3015834195.8900204
AK560,6,6,0.0,3.0158341958900206,0.5026390326483368,0.5601484483896162,2.0,3015834195.8900204,3015834195.8900204
AK561,6,6,0.0,3.0158341958900206,0.5026390326483368,0.5601484483896162,2.0,3015834195.8900204,3015834195.8900204
AK568,6,6,0.0,3.0158341958900206,0.5026390326483368,0.5601484483896162,2.0,3015834195.8900204,3015834195.8900204
AK570,6,6,0.0,3.0158341958900206,0.5026390326483368,0.5601484483896162,2.0,3015834195.8900204,3015834195.8900204
AK814,6,6,0.0,3.0158341958900206,0.5026390326483368,0.5601484483896162,2.0,3015834195.8900204,3015834195.8900204
AK840,6,6,0.0,3.0158341958900206,0.5026390326483368,0.5601484483896162,2.0,3015834195.8900204,3015834195.8900204
AK841,6,6,0.0,3.0158341958900206,0.5026390326483368,0.5601484483896162,2.0,3015834195.8900204,3015834195.8900204
AK842,6,6,0.0,3.0158341958900206,0.5026390326483368,0.5601484483896162,2.0,3015834195.8900204,3015834195.8900204
AK845,6,6,0.0,3.0158341958900206,0.5026390326483368,0.5601484483896162,2.0,3015834195.8900204,3015834195.8900204
AK850,6,6,0.0,3.0158341958900206,0.5026390326483368,0.5601484483896162,2.0,3015834195.8900204,3015834195.8900204
AK874,6,6,0.0,3.0158341958900206,0.5026390326483368,0.5601484483896162,2.0,3015834195.8900204,3015834195.8900204
AK875,6,6,0.0,3.0158341958900206,0.5026390326483368,0.5601484483896162,2.0,3015834195.8900204,3015834195.8900204
AK876,6,6,0.0,3.0158341958900206,0.5026390326483368,0.5601484483896162,2.0,3015834195.8900204,3015834195.8900204
AK877,6,6,0.0,3.0158341958900206,0.5026390326483368,0.5601484483896162,2.0,3015834195.8900204,3015834195.8900204
AK944,6,6,0.0,3.0158341958900206,0.5026390326483368,0.5601484483896162,2.0,3015834195.8900204,3015834195.8900204
AK945,6,6,0.0,3.0158341958900206,0.5026390326483368,0.5601484483896162,2.0,3015834195.8900204,3015834195.8900204
AK954,6,6,0.0,3.0158341958900206,0.5026390326483368,0.5601484483896162,2.0,3015834195.8900204,3015834195.8900204
AK965,6,6,0.0,3.0158341958900206,0.5026390326483368,0.5601484483896162,2.0,3015834195.8900204,3015834195.8900204
AK966,6,6,0.0,3.0158341958900206,0.5026390326483368,0.5601484483896162,2.0,3015834195.8900204,3015834195.8900204
AK975,6,6,0.0,3.0158341958900206,0.5026390326483368,0.5601484483896162,2.0,3015834195.8900204,3015834195.8900204
AK977,6,6,0.0,3.0158341958900206,0.5026390326483368,0.5601484483896162,2.0,3015834195.8900204,3015834195.8900204
LC233,6,6,0.0,3.0158341958900206,0.5026390326483368,0.5601484483896162,2.0,3015834195.8900204,3015834195.8900204
LC632,6,6,0.0,3.0158341958900206,0.5026390326483368,0.5601484483896162,2.0,3015834195.8900204,3015834195.8900204
LC646,6,6,0.0,3.0158341958900206,0.5026390326483368,0.5601484483896162,2.0,3015834195.8900204,3015834195.8900204
LC735,6,6,0.0,3.0158341958900206,0.5026390326483368,0.5601484483896162,2.0,3015834195.8900204,3015834195.8900204
LC736,6,6,0.0,3.0158341958900206,0.5026390326483368,0.5601484483896162,2.0,3015834195.8900204,3015834195.8900204
LC737,6,6,0.0,3.0158341958900206,0.5026390326483368,0.5601484483896162,2.0,3015834195.8900204,3015834195.8900204
LC826,6,6,0.0,3.0158341958900206,0.5026390326483368,0.5601484483896162,2.0,3015834195.8900204,3015834195.8900204
LC920,6,6,0.0,3.0158341958900206,0.5026390326483368,0.5601484483896162,2.0,3015834195.8900204,3015834195.8900204
104739,6,6,0.0,3.0210207012259875,0.5035034502043313,0.5858949328834505,2.0,3021020701.2259874,3021020701.2259874
104737,6,6,0.0,3.0807903809462815,0.5134650634910469,0.6031610915209212,2.0,3080790380.9462814,3080790380.9462814
104738,6,6,0.0,3.495270722562646,0.5825451204271076,0.7002562965393961,2.0,3495270722.5626454,3495270722.5626454
104742,6,6,0.0,3.495270722562646,0.5825451204271076,0.7002562965393961,2.0,3495270722.5626454,3495270722.5626454
104743,6,6,0.0,3.495270722562646,0.5825451204271076,0.7002562965393961,2.0,3495270722.5626454,3495270722.5626454
104901,6,6,0.0,3.495270722562646,0.5825451204271076,0.7002562965393961,2.0,3495270722.5626454,3495270722.5626454
104740,6,6,0.0,4.1621946624480906,0.6936991104080151,1.0017902289871476,2.0,4162194662.44809,4162194662.44809
104741,6,6,0.0,4.1621946624480906,0.6936991104080151,1.0017902289871476,2.0,4162194662.44809,4162194662.44809
LC916,6,6,0.0,4.172616755880314,0.6954361259800524,0.9587966463185491,2.0,4172616755.8803144,4172616755.8803144
103151,6,6,0.0,4.251428771487492,0.7085714619145821,0.7935333528005033,2.0,4251428771.487492,4251428771.487492
LC564,6,6,0.0,4.363042767398639,0.7271737945664398,0.771543812273482,2.0,4363042767.398639,4363042767.398639
LC921,6,6,0.0,4.511395699127557,0.7518992831879262,0.9447577419266229,2.0,4511395699.127557,4511395699.127557
LC915,6,6,0.0,4.5512898108314,0.7585483018052334,1.0074592039332175,2.0,4551289810.8314,4551289810.8314
103851,6,6,0.0,7.297697081070354,1.216282846845059,1.6354263342913091,2.0,7297697081.0703535,7297697081.0703535
LC743,6,6,0.0,7.694314298970447,1.2823857164950745,1.6964488728384668,2.0,7694314298.970447,7694314298.970447
LC947,6,6,0.0,8.33506386980966,1.3891773116349435,2.1927001051199553,2.0,8335063869.80966,8335063869.80966
103202,6,6,0.0,14.929728535561619,2.4882880892602697,3.616146431764098,2.0,14929728535.561619,14929728535.561619
103213,6,6,0.0,16.264371974784698,2.7107286624641165,3.8073547180237184,2.0,16264371974.784697,16264371974.784697
LC437,6,6,0.0,17.389727865265602,2.898287977544267,3.957523314146897,2.0,17389727865.265602,17389727865.265602
LC645,6,6,0.0,17.426169902320524,2.904361650386754,4.228316069645416,2.0,17426169902.320522,17426169902.320522
LC718,6,6,0.0,19.54487367607739,3.2574789460128986,5.229707528699179,2.0,19544873676.07739,19544873676.07739
LC962,6,6,0.0,23.23865486001803,3.8731091433363383,5.8957458806899155,2.0,23238654860.01803,23238654860.01803
LC523,6,6,0.0,23.939269216961637,3.9898782028269397,4.985355404646138,2.0,23939269216.961636,23939269216.961636
LC832,6,6,0.0,26.129470943652514,4.354911823942086,6.888535721198886,2.0,26129470943.65251,26129470943.65251
LC434,6,6,0.0,28.21552501870216,4.702587503117027,6.382973925661536,2.0,28215525018.702156,28215525018.702156
LC441,6,6,0.0,37.83832361495921,6.306387269159868,7.78830547027653,2.0,37838323614.959206,37838323614.959206
LC322,6,6,0.0,50.6778583152307,8.446309719205116,10.612269270091188,2.0,50677858315.2307,50677858315.2307
